Designator,Item,Item No/LCSC,Supplier,Variant,Qty,Unit $AUD,Total $AUD,Link
1,Orpheus Pico,,Hack Club,,1,?,?,
2,Cherry MX Low Profile Red,CHERRY__________________MX Low Profile RGB,Taobao,100 pack,1,46.04,46.04,https://item.taobao.com/item.htm?id=673935710462
3,Plate Mount Stab,__Chosfox MX________ ______________ ,Taobao,6.25u*1+2u*2,1,5.6,5.6,https://item.taobao.com/item.htm?id=921829717536
4,M3*10 Screw,M2.5M3M4M5M6M8__304___________________,Taobao,50 pack,1,1.45,1.45,https://detail.tmall.com/item.htm?id=650868762254
5,M2*3 Screw,M2_______CM__3.3_0.3_______*2/2.5/3/4/5/10,Taobao,100 pack,1,0.62,0.62,https://detail.tmall.com/item.htm?id=610559538489
6,EC11 Rotary Encoder,EC11________10/15/20/25mm__ ___________,Taobao,__10mm,1,1.54,1.54,https://item.taobao.com/item.htm?id=586360534043
7,1N4148W Diode,C84367,LCSC,,100,0.01,1,https://www.lcsc.com/product-detail/C84367.html
8,"0.91"" OLED Screen",0.91_OLED_____128_32___4_iic__SSD1306,Taobao,4PIN 0.91_ _______,1,1.8,1.8,https://item.taobao.com/item.htm?id=824313570601
9,0.1uF 0603 Cap,C14663,LCSC,,50,0.02,1,https://www.lcsc.com/product-detail/C14663.html
10,OPSCO Optoelectronics SK6812MINI-E,C5149201,LCSC,,15,0.11,1.65,https://www.lcsc.com/product-detail/C5149201.html
11,PCB - Keyboard,,?,,1,32.99,32.99,
12,PCB - Plate (FR4),,?,1.2mm,1,34.95,34.95,
13,Case (3D print + Acrylic),-,-,-,-,-,-,
14,,,,,,,0,
,,,,,,TOTAL,128.64,
,,,,,,TOTAL (USD),92.6208,